Nombre,Correo Electronico,Telefono
Druci Molineux,marcelo@kiranalabs.mx,4936402682
Druci Molineux,marcelo@kiranalabs.mx,4936402682
Norene Stainsby,nstainsby1@pbs.org,9453709473
Patrizio Gravells,pgravells2@amazon.com,7235911612
Annissa Darell,adarell3@tiny.cc,7798050359
Travus Juggins,tjuggins4@smugmug.com,5328144229
Brennan Scripps,bscripps5@ebay.com,6326255520
Grange Treharne,gtreharne6@unicef.org,5852844859
Merry Gogarty,mgogarty7@nature.com,5505637459
Egon Slate,eslate8@virginia.edu,8821884115
Nannette Dunstan,ndunstan9@mapy.cz,3714144430
Reiko Fetteplace,rfetteplacea@technorati.com,8086834927
Krishna Kondratyuk,kkondratyukb@unc.edu,8129498258
Ninnette Warr,nwarrc@prnewswire.com,3453300472
Sioux Icom,sicomd@skype.com,7002012624
Park Pentycost,ppentycoste@is.gd,9343785672
Jeromy Jovis,jjovisf@squidoo.com,7974522738
Pierrette Schaumaker,marcelo@kiranalabs.mx,8159003636
Kalinda Harome,kharomei@cnbc,7979003765
Rosamond Asquith,rasquithh@nature.com,1799625207
David Flores,davidricardo.flores33@gmail.com,8112365417
Rosamond Asquith,rasquithh@nature.com,1799625207
David Flores,davidricardo.flores33@gmail.com,8112365417

